"","missing_ids"
"1","MSM_202206_TR_LYSB_10CM"
"2","MSM_202206_TR_LYSB_20CM"
"3","GWI_202206_TR_LYSB_45CM"
"4","GCW_202206_UP_LYSB_10CM"
"5","GCW_202206_UP_LYSC_10CM"
"6","GCW_202206_UP_LYSB_20CM"
"7","GCW_202206_TR_LYSB_10CM"
"8","GCW_202206_TR_LYSC_10CM"
"9","GCW_202206_TR_LYSB_20CM"
"10","GCW_202206_TR_LYSC_20CM"
"11","GCW_202206_TR_LYSB_45CM"
"12","GCW_202206_TR_LYSC_45CM"
"13","MSM_202206_UP_LYSB_45CM"
"14","GCW_202207_TR_LYSC_10CM"
"15","GCW_202208_UP_LYSB_45CM"
"16","MSM_202208_UP_LYSC_45CM"
"17","GWI_202209_UP_LYSA_45CM"
"18","GWI_202209_UP_LYSC_20CM"
"19","GCW_202209_TR_LYSC_10CM"
"20","GCW_202209_TR_LYSC_20CM"
"21","GCW_202209_TR_LYSC_45CM"
"22","GWI_202210_UP_LYSA_10CM"
"23","GWI_202210_UP_LYSA_20CM"
"24","GWI_202210_UP_LYSA_45CM"
"25","GWI_202210_UP_LYSB_10CM"
"26","GWI_202210_UP_LYSB_20CM"
"27","GWI_202210_UP_LYSC_10CM"
"28","GWI_202210_UP_LYSC_20CM"
"29","GWI_202210_TR_LYSA_10CM"
"30","GWI_202210_TR_LYSA_20CM"
"31","GWI_202210_TR_LYSA_45CM"
"32","GWI_202210_TR_LYSB_10CM"
"33","GWI_202210_TR_LYSB_20CM"
"34","GWI_202210_TR_LYSB_45CM"
"35","GWI_202210_TR_LYSC_10CM"
"36","GWI_202210_TR_LYSC_20CM"
"37","GWI_202210_TR_LYSC_45CM"
"38","GWI_202210_SW_A"
"39","GWI_202210_SW_B"
"40","GWI_202210_SW_C"
"41","MSM_202211_UP_LYSA_10CM"
"42","GCW_202211_TR_LYSC_45CM"
"43","GCW_202211_SW_A"
"44","GCW_202211_SW_B"
"45","GCW_202211_SW_C"
"46","GWI_202211_UP_LYSA_45CM"
"47","MSM_202211_TR_LYSB_10CM"
"48","MSM_202211_TR_LYSB_20CM"
"49","MSM_202211_TR_LYSB_45CM"
"50","MSM_202211_UP_LYSA_20CM"
"51","MSM_202211_SW_A"
"52","MSM_202211_SW_B"
"53","MSM_202211_SW_C"
"54","MSM_202211_UP_LYSB_10CM"
"55","MSM_202211_UP_LYSB_20CM"
"56","MSM_202211_UP_LYSB_45CM"
"57","MSM_202211_UP_LYSC_10CM"
"58","MSM_202211_UP_LYSC_20CM"
"59","MSM_202211_UP_LYSC_45CM"
"60","GCW_202211_UP_LYSB_10CM"
"61","GCW_202211_UP_LYSB_20CM"
"62","GCW_202211_UP_LYSC_10CM"
"63","GCW_202211_UP_LYSC_20CM"
"64","GCW_202211_UP_LYSC_45CM"
"65","GCW_202211_TR_LYSA_20CM"
"66","GCW_202211_TR_LYSA_45CM"
"67","GCW_202211_TR_LYSB_10CM"
"68","GCW_202211_TR_LYSB_20CM"
"69","GCW_202211_TR_LYSB_45CM"
"70","GCW_202211_TR_LYSC_10CM"
"71","GCW_202211_TR_LYSC_20CM"
